{
    "vertices":[3.24521,4.0235,0.402724,3.25211,4.0419,0.458235,3.37502,4.15735,0.342211,3.38192,4.17575,0.397723,3.53065,4.26337,0.287717,3.53755,4.28177,0.343229,3.70611,4.33749,0.241337,3.71301,4.35589,0.296848,3.89465,4.37685,0.204851,3.90155,4.39526,0.260363,4.08903,4.37996,0.179664,4.09593,4.39836,0.235176,4.28179,4.34668,0.166741,4.28869,4.36508,0.222253,4.46551,4.27829,0.166581,4.47241,4.2967,0.222093,4.63313,4.17744,0.179189,4.64003,4.19584,0.234701,4.77822,4.04798,0.204081,4.78512,4.06638,0.259593,4.89519,3.89489,0.2403,4.90209,3.9133,0.295811,4.97956,3.72406,0.286454,4.98646,3.74247,0.341966,5.02807,3.54206,0.340769,5.03497,3.56046,0.396281,5.03887,3.35587,0.401159,5.04577,3.37427,0.456671,5.01154,3.17265,0.465303,5.01843,3.19106,0.520815,4.94712,2.99945,0.530735,4.95402,3.01786,0.586247,4.84811,2.84292,0.594941,4.85501,2.86132,0.650452,4.71829,2.70907,0.655453,4.72519,2.72747,0.710965,4.56266,2.60305,0.709947,4.56956,2.62145,0.765459,4.38721,2.52893,0.756328,4.39411,2.54733,0.811839,4.19867,2.48956,0.792813,4.20556,2.50797,0.848325,4.00428,2.48646,0.818,4.01118,2.50486,0.873512,3.81152,2.51974,0.830923,3.81842,2.53814,0.886435,3.6278,2.58812,0.831083,3.6347,2.60653,0.886595,3.46018,2.68898,0.818475,3.46708,2.70739,0.873987,3.31509,2.81844,0.793583,3.32199,2.83685,0.849095,3.19812,2.97153,0.757364,3.20502,2.98993,0.812876,3.11376,3.14235,0.71121,3.12066,3.16076,0.766722,3.06525,3.32436,0.656894,3.07214,3.34276,0.712406,3.05445,3.51055,0.596504,3.06135,3.52895,0.652016,3.08178,3.69376,0.532361,3.08868,3.71217,0.587873,3.14619,3.86697,0.466929,3.15309,3.88537,0.522441],
    "normals":[-0.663686,0.215339,-0.7163,-0.503006,0.643971,0.576403,-0.408521,0.741386,0.532365,-0.569201,0.312754,-0.760369,-0.295236,0.818567,0.492691,-0.455916,0.389935,-0.800012,-0.167547,0.872494,0.458937,-0.328196,0.443892,-0.833796,-0.030305,0.901151,0.432386,-0.190954,0.472549,-0.860347,0.111148,0.903409,0.414045,-0.049471,0.474807,-0.878689,0.251473,0.879208,0.404645,0.090793,0.450575,-0.888089,0.385205,0.829432,0.404523,0.224525,0.4008,-0.888211,0.507218,0.756005,0.413709,0.346538,0.327403,-0.879025,0.612812,0.661763,0.431806,0.452162,0.233161,-0.860897,0.697958,0.55034,0.458174,0.537278,0.121738,-0.834529,0.759362,0.426008,0.491775,0.598682,-0.002594,-0.800958,0.794671,0.293527,0.531297,0.634022,-0.135075,-0.761406,0.802545,0.157994,0.575274,0.641865,-0.270577,-0.71746,0.782647,0.024628,0.621967,0.621967,-0.403943,-0.670766,0.73574,-0.101413,0.669576,0.575091,-0.530015,-0.623127,0.663686,-0.215339,0.7163,0.503006,-0.643971,-0.576403,0.569201,-0.312754,0.760369,0.408521,-0.741386,-0.532365,0.455916,-0.389935,0.800012,0.295236,-0.818567,-0.492691,0.328196,-0.443892,0.833796,0.167547,-0.872494,-0.458937,0.190954,-0.472549,0.860347,0.030305,-0.901151,-0.432386,0.049471,-0.474807,0.878689,-0.111179,-0.903409,-0.414045,-0.090793,-0.450575,0.888089,-0.251473,-0.879208,-0.404645,-0.224525,-0.4008,0.888211,-0.385205,-0.829432,-0.404523,-0.346538,-0.327403,0.879025,-0.507218,-0.756005,-0.413678,-0.452162,-0.233161,0.860897,-0.612812,-0.661763,-0.431806,-0.537278,-0.121738,0.834529,-0.697958,-0.55034,-0.458174,-0.598682,0.002594,0.800958,-0.759362,-0.426008,-0.491775,-0.634022,0.135075,0.761406,-0.794671,-0.293527,-0.531297,-0.641865,0.270577,0.71746,-0.802545,-0.157994,-0.575274,-0.621967,0.403943,0.670766,-0.782647,-0.024628,-0.621967,-0.575091,0.530015,0.623127,-0.73574,0.101413,-0.669576],
    "uvs":[],
    "name":"CylinderGeometry",
    "faces":[33,0,1,3,2,0,1,2,3,33,2,3,5,4,3,2,4,5,33,4,5,7,6,5,4,6,7,33,6,7,9,8,7,6,8,9,33,8,9,11,10,9,8,10,11,33,10,11,13,12,11,10,12,13,33,12,13,15,14,13,12,14,15,33,14,15,17,16,15,14,16,17,33,16,17,19,18,17,16,18,19,33,18,19,21,20,19,18,20,21,33,20,21,23,22,21,20,22,23,33,22,23,25,24,23,22,24,25,33,24,25,27,26,25,24,26,27,33,26,27,29,28,27,26,28,29,33,28,29,31,30,29,28,30,31,33,30,31,33,32,31,30,32,33,33,32,33,35,34,33,32,34,35,33,34,35,37,36,35,34,36,37,33,36,37,39,38,37,36,38,39,33,38,39,41,40,39,38,40,41,33,40,41,43,42,41,40,42,43,33,42,43,45,44,43,42,44,45,33,44,45,47,46,45,44,46,47,33,46,47,49,48,47,46,48,49,33,48,49,51,50,49,48,50,51,33,50,51,53,52,51,50,52,53,33,52,53,55,54,53,52,54,55,33,54,55,57,56,55,54,56,57,33,56,57,59,58,57,56,58,59,33,58,59,61,60,59,58,60,61,32,5,3,1,4,2,1,32,1,63,61,1,62,60,32,61,59,57,60,58,56,32,57,55,53,56,54,52,32,53,51,49,52,50,48,32,49,47,45,48,46,44,32,45,43,41,44,42,40,32,41,39,37,40,38,36,32,37,35,33,36,34,32,32,33,31,29,32,30,28,32,29,27,25,28,26,24,32,25,23,21,24,22,20,32,21,19,17,20,18,16,32,17,15,13,16,14,12,32,13,11,9,12,10,8,32,9,7,5,8,6,4,32,5,1,61,4,1,60,32,61,57,53,60,56,52,32,53,49,45,52,48,44,32,45,41,37,44,40,36,32,37,33,29,36,32,28,32,29,25,21,28,24,20,32,21,17,13,20,16,12,32,13,9,5,12,8,4,32,5,61,53,4,60,52,32,53,45,37,52,44,36,32,37,29,21,36,28,20,32,21,13,5,20,12,4,32,5,53,37,4,52,36,32,37,21,5,36,20,4,33,1,0,62,63,1,0,63,62,33,60,61,63,62,61,60,62,63,32,62,0,2,63,0,3,32,2,4,6,3,5,7,32,6,8,10,7,9,11,32,10,12,14,11,13,15,32,14,16,18,15,17,19,32,18,20,22,19,21,23,32,22,24,26,23,25,27,32,26,28,30,27,29,31,32,30,32,34,31,33,35,32,34,36,38,35,37,39,32,38,40,42,39,41,43,32,42,44,46,43,45,47,32,46,48,50,47,49,51,32,50,52,54,51,53,55,32,54,56,58,55,57,59,32,58,60,62,59,61,63,32,62,2,6,63,3,7,32,6,10,14,7,11,15,32,14,18,22,15,19,23,32,22,26,30,23,27,31,32,30,34,38,31,35,39,32,38,42,46,39,43,47,32,46,50,54,47,51,55,32,54,58,62,55,59,63,32,62,6,14,63,7,15,32,14,22,30,15,23,31,32,30,38,46,31,39,47,32,46,54,62,47,55,63,32,62,14,30,63,15,31,32,30,46,62,31,47,63],
    "metadata":{
        "vertices":64,
        "normals":64,
        "uvs":0,
        "version":3,
        "type":"Geometry",
        "faces":92,
        "generator":"io_three"
    }
}